{
	"info": {
		"_postman_id": "e23c2dd4-8712-4597-a99b-10774af8f73d",
		"name": "postmanBasic",
		"schema": "https://schema.getpostman.com/json/collection/v2.1.0/collection.json",
		"_exporter_id": "16322007"
	},
	"item": [
		{
			"name": "registerApiClient",
			"request": {
				"method": "POST",
				"header": [],
				"body": {
					"mode": "raw",
					"raw": "{\r\n   \"clientName\": \"Postman\",\r\n   \"clientEmail\": \"afnan@gmail.com\"\r\n}",
					"options": {
						"raw": {
							"language": "json"
						}
					}
				},
				"url": {
					"raw": "{{baseurl}}/api-clients",
					"host": [
						"{{baseurl}}"
					],
					"path": [
						"api-clients"
					]
				}
			},
			"response": []
		},
		{
			"name": "basic",
			"request": {
				"method": "GET",
				"header": [],
				"url": {
					"raw": "{{baseurl}}",
					"host": [
						"{{baseurl}}"
					]
				}
			},
			"response": []
		},
		{
			"name": "status",
			"request": {
				"method": "GET",
				"header": [],
				"url": {
					"raw": "{{baseurl}}/status",
					"host": [
						"{{baseurl}}"
					],
					"path": [
						"status"
					]
				}
			},
			"response": []
		},
		{
			"name": "getProducts",
			"request": {
				"method": "GET",
				"header": [],
				"url": {
					"raw": "{{baseurl}}/products",
					"host": [
						"{{baseurl}}"
					],
					"path": [
						"products"
					]
				}
			},
			"response": []
		},
		{
			"name": "getSingleProduct",
			"request": {
				"method": "GET",
				"header": [],
				"url": {
					"raw": "{{baseurl}}/products/:productId",
					"host": [
						"{{baseurl}}"
					],
					"path": [
						"products",
						":productId"
					],
					"variable": [
						{
							"key": "productId",
							"value": "4643"
						}
					]
				}
			},
			"response": []
		},
		{
			"name": "getProductsByCategory",
			"request": {
				"method": "GET",
				"header": [],
				"url": {
					"raw": "{{baseurl}}/products?category=coffee&results=2&available=true",
					"host": [
						"{{baseurl}}"
					],
					"path": [
						"products"
					],
					"query": [
						{
							"key": "category",
							"value": "coffee"
						},
						{
							"key": "results",
							"value": "2"
						},
						{
							"key": "available",
							"value": "true"
						}
					]
				}
			},
			"response": []
		},
		{
			"name": "createOrder",
			"request": {
				"auth": {
					"type": "bearer",
					"bearer": [
						{
							"key": "token",
							"value": "{{accessToken}}",
							"type": "string"
						}
					]
				},
				"method": "POST",
				"header": [],
				"body": {
					"mode": "raw",
					"raw": "{\r\n    \"cartId\": \"{{cartId}}\",\r\n    \"customerName\": \"{{$randomFullName}}\"\r\n}",
					"options": {
						"raw": {
							"language": "json"
						}
					}
				},
				"url": {
					"raw": "{{baseurl}}/orders",
					"host": [
						"{{baseurl}}"
					],
					"path": [
						"orders"
					]
				}
			},
			"response": []
		},
		{
			"name": "getCartItems",
			"request": {
				"method": "GET",
				"header": [],
				"url": {
					"raw": "{{baseurl}}/carts/:cartId/items",
					"host": [
						"{{baseurl}}"
					],
					"path": [
						"carts",
						":cartId",
						"items"
					],
					"variable": [
						{
							"key": "cartId",
							"value": "{{cartId}}"
						}
					]
				}
			},
			"response": []
		},
		{
			"name": "getCart",
			"request": {
				"method": "GET",
				"header": [],
				"url": {
					"raw": "{{baseurl}}/carts/:cartId",
					"host": [
						"{{baseurl}}"
					],
					"path": [
						"carts",
						":cartId"
					],
					"variable": [
						{
							"key": "cartId",
							"value": "{{cartId}}"
						}
					]
				}
			},
			"response": []
		},
		{
			"name": "createNewCart",
			"request": {
				"method": "POST",
				"header": [],
				"url": {
					"raw": "{{baseurl}}/carts",
					"host": [
						"{{baseurl}}"
					],
					"path": [
						"carts"
					]
				}
			},
			"response": []
		},
		{
			"name": "addItemInCart",
			"request": {
				"method": "POST",
				"header": [],
				"body": {
					"mode": "raw",
					"raw": "{\r\n   \"productId\":4646\r\n}",
					"options": {
						"raw": {
							"language": "json"
						}
					}
				},
				"url": {
					"raw": "{{baseurl}}/carts/:cartId/items",
					"host": [
						"{{baseurl}}"
					],
					"path": [
						"carts",
						":cartId",
						"items"
					],
					"variable": [
						{
							"key": "cartId",
							"value": "{{cartId}}"
						}
					]
				}
			},
			"response": []
		},
		{
			"name": "getAllOrders",
			"request": {
				"auth": {
					"type": "bearer",
					"bearer": [
						{
							"key": "token",
							"value": "{{accessToken}}",
							"type": "string"
						}
					]
				},
				"method": "GET",
				"header": [],
				"url": {
					"raw": "{{baseurl}}/orders",
					"host": [
						"{{baseurl}}"
					],
					"path": [
						"orders"
					]
				}
			},
			"response": []
		},
		{
			"name": "modifyItemInTheCart",
			"request": {
				"method": "PATCH",
				"header": [],
				"body": {
					"mode": "raw",
					"raw": "{\r\n    \"quantity\":2\r\n}",
					"options": {
						"raw": {
							"language": "json"
						}
					}
				},
				"url": {
					"raw": "{{baseurl}}/carts/:cartId/items/:itemId",
					"host": [
						"{{baseurl}}"
					],
					"path": [
						"carts",
						":cartId",
						"items",
						":itemId"
					],
					"variable": [
						{
							"key": "cartId",
							"value": "{{cartId}}"
						},
						{
							"key": "itemId",
							"value": "921022075"
						}
					]
				}
			},
			"response": []
		},
		{
			"name": "replaceItemInTheCart",
			"request": {
				"method": "PUT",
				"header": [],
				"body": {
					"mode": "raw",
					"raw": "{\r\n    \"productId\":4641,\r\n    \"quantity\":3\r\n}",
					"options": {
						"raw": {
							"language": "json"
						}
					}
				},
				"url": {
					"raw": "{{baseurl}}/carts/:cartId/items/:itemId",
					"host": [
						"{{baseurl}}"
					],
					"path": [
						"carts",
						":cartId",
						"items",
						":itemId"
					],
					"variable": [
						{
							"key": "cartId",
							"value": "{{cartId}}"
						},
						{
							"key": "itemId",
							"value": "66984329"
						}
					]
				}
			},
			"response": []
		},
		{
			"name": "DeleteItemCart",
			"request": {
				"method": "DELETE",
				"header": [],
				"url": {
					"raw": "{{baseurl}}/carts/:cartId/items/:itemId",
					"host": [
						"{{baseurl}}"
					],
					"path": [
						"carts",
						":cartId",
						"items",
						":itemId"
					],
					"variable": [
						{
							"key": "cartId",
							"value": "{{cartId}}"
						},
						{
							"key": "itemId",
							"value": "255163910"
						}
					]
				}
			},
			"response": []
		},
		{
			"name": "getSingleOrder",
			"request": {
				"auth": {
					"type": "bearer",
					"bearer": [
						{
							"key": "token",
							"value": "{{accessToken}}",
							"type": "string"
						}
					]
				},
				"method": "GET",
				"header": [],
				"url": {
					"raw": "{{baseurl}}/orders/:orderId",
					"host": [
						"{{baseurl}}"
					],
					"path": [
						"orders",
						":orderId"
					],
					"variable": [
						{
							"key": "orderId",
							"value": "DOPlc0p_wX854IFf6P1jV"
						}
					]
				}
			},
			"response": []
		},
		{
			"name": "updateOrder",
			"request": {
				"auth": {
					"type": "bearer",
					"bearer": [
						{
							"key": "token",
							"value": "{{accessToken}}",
							"type": "string"
						}
					]
				},
				"method": "PATCH",
				"header": [],
				"body": {
					"mode": "raw",
					"raw": "{\r\n \"customerName\": \"Abdur Rahman Talha\",\r\n \"comment\":\"Awesome product\"\r\n}",
					"options": {
						"raw": {
							"language": "json"
						}
					}
				},
				"url": {
					"raw": "{{baseurl}}/orders/:orderId",
					"host": [
						"{{baseurl}}"
					],
					"path": [
						"orders",
						":orderId"
					],
					"variable": [
						{
							"key": "orderId",
							"value": "DOPlc0p_wX854IFf6P1jV"
						}
					]
				}
			},
			"response": []
		},
		{
			"name": "deleteOrder",
			"request": {
				"auth": {
					"type": "bearer",
					"bearer": [
						{
							"key": "token",
							"value": "{{accessToken}}",
							"type": "string"
						}
					]
				},
				"method": "DELETE",
				"header": [],
				"url": {
					"raw": "{{baseurl}}/orders/:orderId",
					"host": [
						"{{baseurl}}"
					],
					"path": [
						"orders",
						":orderId"
					],
					"variable": [
						{
							"key": "orderId",
							"value": "Fyq3eylu_k2twP-p3xnbe"
						}
					]
				}
			},
			"response": []
		}
	],
	"event": [
		{
			"listen": "prerequest",
			"script": {
				"type": "text/javascript",
				"exec": [
					""
				]
			}
		},
		{
			"listen": "test",
			"script": {
				"type": "text/javascript",
				"exec": [
					""
				]
			}
		}
	],
	"variable": [
		{
			"key": "baseurl",
			"value": "https://simple-grocery-store-api.glitch.me",
			"type": "string"
		},
		{
			"key": "accessToken",
			"value": "Your access Token",
			"type": "string"
		},
		{
			"key": "cartId",
			"value": "",
			"type": "string"
		}
	]
}