{
	"info": {
		"_postman_id": "82eb88e9-e48b-46b9-800e-67afbace8ecd",
		"name": "Trello",
		"schema": "https://schema.getpostman.com/json/collection/v2.1.0/collection.json"
	},
	"item": [
		{
			"name": "Create board",
			"event": [
				{
					"listen": "test",
					"script": {
						"id": "a61dda5d-4316-42da-b6a8-8c4186ca173b",
						"type": "text/javascript",
						"exec": [
							"pm.test(\"Status code is 200\", function () {",
							"    pm.response.to.have.status(200);",
							"});",
							"",
							"const response = pm.response.json();",
							"",
							"pm.test(\"Board should be created\", function () {",
							"    pm.expect(response.name).to.eql(\"My new board\");",
							"    pm.expect(response.closed).to.eql(false);",
							"});",
							"",
							"pm.test(\"Board should be private\", function () {",
							"    pm.expect(response.prefs.permissionLevel).to.eql(\"private\");",
							"});"
						]
					}
				}
			],
			"request": {
				"method": "POST",
				"header": [],
				"body": {},
				"url": {
					"raw": "https://api.trello.com/1/boards/?name=My new board&key={{trelloKey}}&token={{trelloToken}}&defaultLists=false",
					"protocol": "https",
					"host": [
						"api",
						"trello",
						"com"
					],
					"path": [
						"1",
						"boards",
						""
					],
					"query": [
						{
							"key": "name",
							"value": "My new board"
						},
						{
							"key": "key",
							"value": "{{trelloKey}}"
						},
						{
							"key": "token",
							"value": "{{trelloToken}}"
						},
						{
							"key": "defaultLists",
							"value": "false"
						}
					]
				}
			},
			"response": []
		},
		{
			"name": "Create TODO list",
			"event": [
				{
					"listen": "test",
					"script": {
						"id": "a940eab6-3ede-4af6-8821-cc869635f1e8",
						"type": "text/javascript",
						"exec": [
							"pm.test(\"Status code is 200\", function () {",
							"    pm.response.to.have.status(200);",
							"});",
							"",
							"pm.test(\"List should be created\", function () {",
							"    var jsonData = pm.response.json();",
							"    pm.expect(jsonData.name).to.eql(\"TODO\");",
							"    pm.expect(jsonData.closed).to.eql(false);",
							"});",
							"",
							"pm.test(\"List was created inside the board\", function () {",
							"    var jsonData = pm.response.json();",
							"    pm.expect(jsonData.idBoard).to.eql(\"5b4e3af8c50ba749cce7e904\");",
							"});"
						]
					}
				}
			],
			"request": {
				"method": "POST",
				"header": [],
				"body": {
					"mode": "raw",
					"raw": ""
				},
				"url": {
					"raw": "https://api.trello.com/1/lists?name=TODO&idBoard=5b4e3af8c50ba749cce7e904&key={{trelloKey}}&token={{trelloToken}}",
					"protocol": "https",
					"host": [
						"api",
						"trello",
						"com"
					],
					"path": [
						"1",
						"lists"
					],
					"query": [
						{
							"key": "name",
							"value": "TODO"
						},
						{
							"key": "idBoard",
							"value": "5b4e3af8c50ba749cce7e904"
						},
						{
							"key": "key",
							"value": "{{trelloKey}}"
						},
						{
							"key": "token",
							"value": "{{trelloToken}}"
						}
					]
				}
			},
			"response": []
		},
		{
			"name": "Create DONE list",
			"event": [
				{
					"listen": "test",
					"script": {
						"id": "b328234f-fb9a-4854-9306-1c4df7809e24",
						"type": "text/javascript",
						"exec": [
							"pm.test(\"Status code is 200\", function () {",
							"    pm.response.to.have.status(200);",
							"});",
							"",
							"pm.test(\"List should be created\", function () {",
							"    var jsonData = pm.response.json();",
							"    pm.expect(jsonData.name).to.eql(\"DONE\");",
							"    pm.expect(jsonData.closed).to.eql(false);",
							"});",
							"",
							"pm.test(\"List was created inside the board\", function () {",
							"    var jsonData = pm.response.json();",
							"    pm.expect(jsonData.idBoard).to.eql(\"5b4e3af8c50ba749cce7e904\");",
							"});"
						]
					}
				}
			],
			"request": {
				"method": "POST",
				"header": [],
				"body": {
					"mode": "raw",
					"raw": ""
				},
				"url": {
					"raw": "https://api.trello.com/1/lists?name=DONE&idBoard=5b4e3af8c50ba749cce7e904&key={{trelloKey}}&token={{trelloToken}}",
					"protocol": "https",
					"host": [
						"api",
						"trello",
						"com"
					],
					"path": [
						"1",
						"lists"
					],
					"query": [
						{
							"key": "name",
							"value": "DONE"
						},
						{
							"key": "idBoard",
							"value": "5b4e3af8c50ba749cce7e904"
						},
						{
							"key": "key",
							"value": "{{trelloKey}}"
						},
						{
							"key": "token",
							"value": "{{trelloToken}}"
						}
					]
				}
			},
			"response": []
		},
		{
			"name": "Create card in TODO list",
			"event": [
				{
					"listen": "test",
					"script": {
						"id": "882e5bb6-414b-4893-ad8b-23813eee8873",
						"type": "text/javascript",
						"exec": [
							"pm.test(\"Status code is 200\", function () {",
							"    pm.response.to.have.status(200);",
							"});",
							"",
							"pm.test(\"Card should be created\", function () {",
							"    var jsonData = pm.response.json();",
							"    pm.expect(jsonData.name).to.eql(\"Learn Postman\");",
							"    pm.expect(jsonData.closed).to.eql(false);",
							"    pm.expect(jsonData.idList).to.eql(\"5b4e3d24262d1612e1a026e0\");",
							"    pm.expect(jsonData.idBoard).to.eql(\"5b4e3af8c50ba749cce7e904\");",
							"});",
							"",
							"pm.test(\"Card should have no votes or attachments\", function () {",
							"    var jsonData = pm.response.json();",
							"    pm.expect(jsonData.badges.votes).to.eql(0);",
							"    pm.expect(jsonData.badges.attachmentsByType.trello.card).to.eql(0);",
							"});"
						]
					}
				}
			],
			"request": {
				"method": "POST",
				"header": [],
				"body": {
					"mode": "raw",
					"raw": ""
				},
				"url": {
					"raw": "https://api.trello.com/1/cards?name=Learn Postman&idList=5b4e3d24262d1612e1a026e0&key={{trelloKey}}&token={{trelloToken}}",
					"protocol": "https",
					"host": [
						"api",
						"trello",
						"com"
					],
					"path": [
						"1",
						"cards"
					],
					"query": [
						{
							"key": "name",
							"value": "Learn Postman"
						},
						{
							"key": "idList",
							"value": "5b4e3d24262d1612e1a026e0"
						},
						{
							"key": "key",
							"value": "{{trelloKey}}"
						},
						{
							"key": "token",
							"value": "{{trelloToken}}"
						}
					]
				}
			},
			"response": []
		},
		{
			"name": "Move card in DONE list",
			"event": [
				{
					"listen": "test",
					"script": {
						"id": "3013fba2-122a-4aee-bed1-d62d9567e108",
						"type": "text/javascript",
						"exec": [
							"pm.test(\"Status code is 200\", function () {",
							"    pm.response.to.have.status(200);",
							"});",
							"",
							"pm.test(\"Card should have new list\", function () {",
							"    var jsonData = pm.response.json();",
							"    pm.expect(jsonData.idList).to.eql(\"5b4e3c36c1009f7a41101d05\");",
							"});",
							"",
							"pm.test(\"Card should preserve properties\", function () {",
							"    var jsonData = pm.response.json();",
							"    pm.expect(jsonData.name).to.eql(\"Learn Postman\");",
							"    pm.expect(jsonData.closed).to.eql(false);",
							"    pm.expect(jsonData.idBoard).to.eql(\"5b4e3af8c50ba749cce7e904\");",
							"});",
							""
						]
					}
				}
			],
			"request": {
				"method": "PUT",
				"header": [],
				"body": {
					"mode": "raw",
					"raw": ""
				},
				"url": {
					"raw": "https://api.trello.com/1/cards/:id?idList=5b4e3c36c1009f7a41101d05&key={{trelloKey}}&token={{trelloToken}}",
					"protocol": "https",
					"host": [
						"api",
						"trello",
						"com"
					],
					"path": [
						"1",
						"cards",
						":id"
					],
					"query": [
						{
							"key": "idList",
							"value": "5b4e3c36c1009f7a41101d05"
						},
						{
							"key": "key",
							"value": "{{trelloKey}}"
						},
						{
							"key": "token",
							"value": "{{trelloToken}}"
						}
					],
					"variable": [
						{
							"key": "id",
							"value": "5b4e3f4dbd69b5e6b421e7bc"
						}
					]
				}
			},
			"response": []
		},
		{
			"name": "Delete a bord",
			"event": [
				{
					"listen": "test",
					"script": {
						"id": "69295f98-0cbc-4ac5-a9e6-c7118840febb",
						"type": "text/javascript",
						"exec": [
							"pm.test(\"Status code is 200\", function () {",
							"    pm.response.to.have.status(200);",
							"});"
						]
					}
				}
			],
			"request": {
				"method": "DELETE",
				"header": [],
				"body": {
					"mode": "raw",
					"raw": ""
				},
				"url": {
					"raw": "https://api.trello.com/1/boards/:id?key={{trelloKey}}&token={{trelloToken}}",
					"protocol": "https",
					"host": [
						"api",
						"trello",
						"com"
					],
					"path": [
						"1",
						"boards",
						":id"
					],
					"query": [
						{
							"key": "key",
							"value": "{{trelloKey}}"
						},
						{
							"key": "token",
							"value": "{{trelloToken}}"
						}
					],
					"variable": [
						{
							"key": "id",
							"value": "5b4e438442a49427adbce972"
						}
					]
				}
			},
			"response": []
		},
		{
			"name": "Retrieve deleted board",
			"event": [
				{
					"listen": "test",
					"script": {
						"id": "858f10e4-878c-40ab-9f55-7b47b45a22ab",
						"type": "text/javascript",
						"exec": [
							"pm.test(\"Board should not exist\", function () {",
							"    pm.response.to.have.status(404);",
							"});"
						]
					}
				}
			],
			"request": {
				"method": "GET",
				"header": [],
				"body": {
					"mode": "raw",
					"raw": ""
				},
				"url": {
					"raw": "https://api.trello.com/1/boards/:id?key={{trelloKey}}&token={{trelloToken}}",
					"protocol": "https",
					"host": [
						"api",
						"trello",
						"com"
					],
					"path": [
						"1",
						"boards",
						":id"
					],
					"query": [
						{
							"key": "key",
							"value": "{{trelloKey}}"
						},
						{
							"key": "token",
							"value": "{{trelloToken}}"
						}
					],
					"variable": [
						{
							"key": "id",
							"value": "5b4e448e1985952916067123"
						}
					]
				}
			},
			"response": []
		}
	]
}