{
	"info": {
		"_postman_id": "04586c2b-a411-f234-1a44-44df1e6ff3d3",
		"name": "Trello",
		"schema": "https://schema.getpostman.com/json/collection/v2.1.0/collection.json"
	},
	"item": [
		{
			"name": "Create a bord",
			"event": [
				{
					"listen": "prerequest",
					"script": {
						"type": "text/javascript",
						"exec": [
							"var currentBoardNumber = postman.getEnvironmentVariable(\"currentBoardNumber\");",
							"",
							"if (currentBoardNumber) {",
							"    currentBoardNumber++;",
							"} else {",
							"    currentBoardNumber = 1;",
							"}",
							"",
							"",
							"var boardName = \"My board \" + currentBoardNumber;",
							"",
							"postman.setEnvironmentVariable(\"boardName\", boardName);",
							"postman.setEnvironmentVariable(\"currentBoardNumber\", currentBoardNumber);",
							""
						]
					}
				},
				{
					"listen": "test",
					"script": {
						"type": "text/javascript",
						"exec": [
							"tests[\"Status code is 200\"] = responseCode.code === 200;",
							"",
							"var jsonData = JSON.parse(responseBody);",
							"tests[\"Board name should be 'My new board'\"] = jsonData.name === postman.getEnvironmentVariable(\"boardName\");",
							"",
							"",
							"",
							"postman.setEnvironmentVariable(\"boardId\", jsonData.id);"
						]
					}
				}
			],
			"request": {
				"method": "POST",
				"header": [],
				"body": {},
				"url": {
					"raw": "https://api.trello.com/1/boards/?name={{boardName}}&key={{trelloKey}}&token={{trelloToken}}&defaultLists=false",
					"protocol": "https",
					"host": [
						"api",
						"trello",
						"com"
					],
					"path": [
						"1",
						"boards",
						""
					],
					"query": [
						{
							"key": "name",
							"value": "{{boardName}}"
						},
						{
							"key": "key",
							"value": "{{trelloKey}}"
						},
						{
							"key": "token",
							"value": "{{trelloToken}}"
						},
						{
							"key": "defaultLists",
							"value": "false"
						}
					]
				}
			},
			"response": []
		},
		{
			"name": "Create TODO list",
			"event": [
				{
					"listen": "test",
					"script": {
						"type": "text/javascript",
						"exec": [
							"tests[\"Status code is 200\"] = responseCode.code === 200;",
							"",
							"var jsonData = JSON.parse(responseBody);",
							"tests[\"List should be name TODO\"] = jsonData.name === 'TODO';",
							"tests[\"List should not be closed\"] = jsonData.closed === false;",
							"tests[\"Board id should match given idBoard\"] = jsonData.idBoard === postman.getEnvironmentVariable(\"boardId\");",
							"",
							"",
							"postman.setEnvironmentVariable(\"todoListId\", jsonData.id);"
						]
					}
				}
			],
			"request": {
				"method": "POST",
				"header": [],
				"body": {},
				"url": {
					"raw": "https://api.trello.com/1/lists?name=TODO&idBoard={{boardId}}&key={{trelloKey}}&token={{trelloToken}}",
					"protocol": "https",
					"host": [
						"api",
						"trello",
						"com"
					],
					"path": [
						"1",
						"lists"
					],
					"query": [
						{
							"key": "name",
							"value": "TODO"
						},
						{
							"key": "idBoard",
							"value": "{{boardId}}"
						},
						{
							"key": "key",
							"value": "{{trelloKey}}"
						},
						{
							"key": "token",
							"value": "{{trelloToken}}"
						}
					]
				}
			},
			"response": []
		},
		{
			"name": "Create DONE list",
			"event": [
				{
					"listen": "test",
					"script": {
						"type": "text/javascript",
						"exec": [
							"tests[\"Status code is 200\"] = responseCode.code === 200;",
							"",
							"var jsonData = JSON.parse(responseBody);",
							"tests[\"List should be name TODO\"] = jsonData.name === 'DONE';",
							"tests[\"List should not be closed\"] = jsonData.closed === false;",
							"tests[\"Board id should match given idBoard\"] = jsonData.idBoard === postman.getEnvironmentVariable(\"boardId\");",
							"",
							"",
							"postman.setEnvironmentVariable(\"doneListId\", jsonData.id);"
						]
					}
				}
			],
			"request": {
				"method": "POST",
				"header": [],
				"body": {},
				"url": {
					"raw": "https://api.trello.com/1/lists?name=DONE&idBoard={{boardId}}&key={{trelloKey}}&token={{trelloToken}}",
					"protocol": "https",
					"host": [
						"api",
						"trello",
						"com"
					],
					"path": [
						"1",
						"lists"
					],
					"query": [
						{
							"key": "name",
							"value": "DONE"
						},
						{
							"key": "idBoard",
							"value": "{{boardId}}"
						},
						{
							"key": "key",
							"value": "{{trelloKey}}"
						},
						{
							"key": "token",
							"value": "{{trelloToken}}"
						}
					]
				}
			},
			"response": []
		},
		{
			"name": "Create card in TODO list",
			"event": [
				{
					"listen": "test",
					"script": {
						"type": "text/javascript",
						"exec": [
							"tests[\"Status code is 200\"] = responseCode.code === 200;",
							"",
							"var jsonData = JSON.parse(responseBody);",
							"tests[\"Should be name 'Learn Postman'\"] = jsonData.name === 'Learn Postman';",
							"tests[\"Should have given idList\"] = jsonData.idList === postman.getEnvironmentVariable(\"todoListId\");",
							"tests[\"Should have idBoard for the given list\"] = jsonData.idBoard === postman.getEnvironmentVariable(\"todoListId\");",
							"",
							"tests[\"Should have nested property value\"] = jsonData.badges.attachmentsByType.trello.board === 0;",
							"",
							"",
							"postman.setEnvironmentVariable(\"cardId\", jsonData.id);"
						]
					}
				}
			],
			"request": {
				"method": "POST",
				"header": [],
				"body": {},
				"url": {
					"raw": "https://api.trello.com/1/cards?name=Learn Postman&idList={{todoListId}}&key={{trelloKey}}&token={{trelloToken}}",
					"protocol": "https",
					"host": [
						"api",
						"trello",
						"com"
					],
					"path": [
						"1",
						"cards"
					],
					"query": [
						{
							"key": "name",
							"value": "Learn Postman"
						},
						{
							"key": "idList",
							"value": "{{todoListId}}"
						},
						{
							"key": "key",
							"value": "{{trelloKey}}"
						},
						{
							"key": "token",
							"value": "{{trelloToken}}"
						}
					]
				}
			},
			"response": []
		},
		{
			"name": "Move card in DONE list",
			"event": [
				{
					"listen": "test",
					"script": {
						"type": "text/javascript",
						"exec": [
							"tests[\"Status code is 200\"] = responseCode.code === 200;",
							"",
							"var jsonData = JSON.parse(responseBody);",
							"tests[\"Should be name 'Learn Postman'\"] = jsonData.name === 'Learn Postman';",
							"tests[\"Should have given idList\"] = jsonData.idList === postman.getEnvironmentVariable(\"doneListId\");",
							"tests[\"Should have idBoard for the given list\"] = jsonData.idBoard === postman.getEnvironmentVariable(\"boardId\");",
							"",
							"tests[\"Should have nested property value\"] = jsonData.badges.attachmentsByType.trello.board === 0;",
							"",
							""
						]
					}
				}
			],
			"request": {
				"method": "PUT",
				"header": [],
				"body": {},
				"url": {
					"raw": "https://api.trello.com/1/cards/:id?idList={{doneListId}}&key={{trelloKey}}&token={{trelloToken}}",
					"protocol": "https",
					"host": [
						"api",
						"trello",
						"com"
					],
					"path": [
						"1",
						"cards",
						":id"
					],
					"query": [
						{
							"key": "idList",
							"value": "{{doneListId}}"
						},
						{
							"key": "key",
							"value": "{{trelloKey}}"
						},
						{
							"key": "token",
							"value": "{{trelloToken}}"
						}
					],
					"variable": [
						{
							"key": "id",
							"value": "{{cardId}}"
						}
					]
				}
			},
			"response": []
		},
		{
			"name": "Delete a bord",
			"event": [
				{
					"listen": "test",
					"script": {
						"id": "44a1b7f3-c4c2-4681-b1d0-ff69768219c1",
						"type": "text/javascript",
						"exec": [
							"tests[\"Status code is 200\"] = responseCode.code === 200;",
							"",
							"",
							"pm.environment.set(\"deleteBoardRequestId\", pm.info.requestId);"
						]
					}
				}
			],
			"request": {
				"method": "DELETE",
				"header": [],
				"body": {},
				"url": {
					"raw": "https://api.trello.com/1/boards/:id?key={{trelloKey}}&token={{trelloToken}}",
					"protocol": "https",
					"host": [
						"api",
						"trello",
						"com"
					],
					"path": [
						"1",
						"boards",
						":id"
					],
					"query": [
						{
							"key": "key",
							"value": "{{trelloKey}}"
						},
						{
							"key": "token",
							"value": "{{trelloToken}}"
						}
					],
					"variable": [
						{
							"key": "id",
							"value": "{{boardId}}"
						}
					]
				}
			},
			"response": []
		},
		{
			"name": "Get a board",
			"event": [
				{
					"listen": "test",
					"script": {
						"type": "text/javascript",
						"exec": [
							"tests[\"Status code is 404\"] = responseCode.code === 404;",
							"",
							"",
							"// Clear enviroment variables",
							"postman.clearEnvironmentVariable(\"boardName\");",
							"postman.clearEnvironmentVariable(\"boardId\");",
							"postman.clearEnvironmentVariable(\"todoListId\");",
							"postman.clearEnvironmentVariable(\"doneListId\");",
							"postman.clearEnvironmentVariable(\"cardId\");"
						]
					}
				}
			],
			"request": {
				"method": "GET",
				"header": [],
				"body": {},
				"url": {
					"raw": "https://api.trello.com/1/boards/:id?key={{trelloKey}}&token={{trelloToken}}",
					"protocol": "https",
					"host": [
						"api",
						"trello",
						"com"
					],
					"path": [
						"1",
						"boards",
						":id"
					],
					"query": [
						{
							"key": "key",
							"value": "{{trelloKey}}"
						},
						{
							"key": "token",
							"value": "{{trelloToken}}"
						}
					],
					"variable": [
						{
							"key": "id",
							"value": "{{boardId}}"
						}
					]
				}
			},
			"response": []
		},
		{
			"name": "Get all boards",
			"event": [
				{
					"listen": "test",
					"script": {
						"id": "7488e80b-6cd8-4d9d-b1a4-7989fce1b263",
						"type": "text/javascript",
						"exec": [
							"// Parse the response body",
							"var jsonData = pm.response.json();",
							"",
							"// Get the first object (element) from jsonData array",
							"var firstBoard = jsonData.shift();",
							"",
							"if (firstBoard) {",
							"    // Print the value",
							"    console.log(firstBoard.id);",
							"    ",
							"    // Set the variable boardId with the first board id from the list retrieved",
							"    pm.environment.set(\"boardId\", firstBoard.id);",
							"    ",
							"    // Set the next request to the delete board",
							"    postman.setNextRequest(pm.environment.get(\"deleteBoardRequestId\"));",
							"} else {",
							"    postman.setNextRequest(null);",
							"}"
						]
					}
				}
			],
			"request": {
				"method": "GET",
				"header": [],
				"body": {},
				"url": {
					"raw": "https://api.trello.com/1/members/valentindespa/boards?key={{trelloKey}}&token={{trelloToken}}",
					"protocol": "https",
					"host": [
						"api",
						"trello",
						"com"
					],
					"path": [
						"1",
						"members",
						"valentindespa",
						"boards"
					],
					"query": [
						{
							"key": "key",
							"value": "{{trelloKey}}"
						},
						{
							"key": "token",
							"value": "{{trelloToken}}"
						}
					]
				}
			},
			"response": []
		}
	]
}